{
"lengthUnit": "mil",
"remark": [],
"components": {
	"fields": ["COMPONENT_NO", "COMPONENT_NAME", "LAYER", "X_COORDINATE", "Y_COORDINATE", "ANGLE"],
	"rows": [
		[1, "CM1", "B", 505, 635, 270],
		[2, "SW1", "T", 375, 1165, 180],
		[3, "U1", "T", 415, 425, 180],
		[4, "PAD1", "B", 105, 83.819, 0],
		[5, "PAD2", "B", 405, 83.819, 0],
		[6, "PAD3", "B", 505, 83.819, 0],
		[7, "PAD4", "B", 605, 83.819, 0],
		[8, "PAD5", "B", 705, 83.819, 0],
		[9, "PAD6", "B", 805, 83.819, 0],
		[10, "PAD7", "B", 905, 83.819, 0],
		[11, "PAD8", "B", 905, 1186.179, 0],
		[12, "PAD9", "B", 704.61, 1186.179, 0],
		[13, "PAD10", "T", 730, 175, 0],
		[14, "PAD11", "T", 730, 275, 0],
		[15, "PAD12", "T", 100, 675, 0],
		[16, "PAD13", "T", 100, 475, 0],
		[17, "PAD14", "T", 100, 375, 0],
		[18, "PAD15", "T", 100, 275, 0],
		[19, "PAD16", "T", 100, 175, 0],
		[20, "PAD17", "T", 233.27, 1141.38, 0],
		[21, "PAD18", "T", 233.27, 1231.93, 0],
		[22, "PAD19", "T", 516.73, 1231.93, 0],
		[23, "PAD20", "T", 516.73, 1141.38, 0],
		[24, "PAD21", "T", 345.47, 1098.07, 0],
		[25, "PAD22", "T", 463.58, 1098.07, 0]
	]
},
"pins": {
	"fields": ["PIN_NO", "PIN_NAME", "PIN_X", "PIN_Y", "LAYER", "PIN_TYPE", "NET_NAME", "NET_TYPE", "PAD_SHAPE", "PAD_SIZEX", "PAD_SIZEY", "HOLE_SIZE", "HOLE_LEN", "PAD_ANGLE"],
	"rows": [
		[1, "CM1_1", 704.61, 1186.179, "B", "SMD", "GND", "GND", "R", 118.11, 62.992, 0, 0, 270],
		[2, "CM1_2", 804.61, 1186.179, "B", "SMD", "NET_1", "", "R", 118.11, 62.992, 0, 0, 270],
		[3, "CM1_3", 905, 1186.179, "B", "SMD", "GND", "GND", "R", 118.11, 62.992, 0, 0, 270],
		[4, "CM1_4", 905, 83.819, "B", "SMD", "$1N426", "", "R", 118.11, 62.992, 0, 0, 270],
		[5, "CM1_5", 805, 83.819, "B", "SMD", "$1N432", "", "R", 118.11, 62.992, 0, 0, 270],
		[6, "CM1_6", 705, 83.819, "B", "SMD", "$1N438", "", "R", 118.11, 62.992, 0, 0, 270],
		[7, "CM1_7", 605, 83.819, "B", "SMD", "GND", "GND", "R", 118.11, 62.992, 0, 0, 270],
		[8, "CM1_8", 505, 83.819, "B", "SMD", "VCC", "", "R", 118.11, 62.992, 0, 0, 270],
		[9, "CM1_9", 405, 83.819, "B", "SMD", "$1N355", "", "R", 118.11, 62.992, 0, 0, 270],
		[10, "CM1_10", 305, 83.819, "B", "SMD", "NET_2", "", "R", 118.11, 62.992, 0, 0, 270],
		[11, "CM1_11", 205, 83.819, "B", "SMD", "NET_3", "", "R", 118.11, 62.992, 0, 0, 270],
		[12, "CM1_12", 105, 83.819, "B", "SMD", "GND", "GND", "R", 118.11, 62.992, 0, 0, 270],
		[13, "SW1_1", 463.58, 1098.07, "T", "SMD", "GND", "GND", "R", 60, 23.622, 0, 0, 270],
		[14, "SW1_2", 345.47, 1098.07, "T", "SMD", "$1N724", "", "R", 60, 23.622, 0, 0, 270],
		[15, "SW1_3", 286.42, 1098.07, "T", "SMD", "NET_4", "", "R", 60, 23.622, 0, 0, 270],
		[16, "SW1_4", 233.27, 1141.38, "T", "SMD", "GND", "GND", "R", 47.244, 27.559, 0, 0, 0],
		[17, "SW1_4", 233.27, 1231.93, "T", "SMD", "GND", "GND", "R", 47.244, 27.559, 0, 0, 0],
		[18, "SW1_4", 516.73, 1231.93, "T", "SMD", "GND", "GND", "R", 47.244, 27.559, 0, 0, 0],
		[19, "SW1_4", 516.73, 1141.38, "T", "SMD", "GND", "GND", "R", 47.244, 27.559, 0, 0, 0],
		[20, "U1_1", 730, 75, "T", "SMD", "NET_5", "", "R", 82.76, 70.94, 0, 0, 180],
		[21, "U1_2", 730, 175, "T", "SMD", "$1N426", "", "R", 82.76, 70.94, 0, 0, 180],
		[22, "U1_3", 730, 275, "T", "SMD", "$1N432", "", "R", 82.76, 70.94, 0, 0, 180],
		[23, "U1_4", 730, 375, "T", "SMD", "NET_6", "", "R", 82.76, 70.944, 0, 0, 180],
		[24, "U1_5", 730, 475, "T", "SMD", "NET_7", "", "R", 82.76, 70.944, 0, 0, 180],
		[25, "U1_6", 730, 575, "T", "SMD", "NET_8", "", "R", 82.76, 70.944, 0, 0, 180],
		[26, "U1_7", 730, 675, "T", "SMD", "NET_9", "", "R", 82.76, 70.944, 0, 0, 180],
		[27, "U1_8", 730, 775, "T", "SMD", "NET_10", "", "R", 82.76, 70.944, 0, 0, 180],
		[28, "U1_9", 100, 775, "T", "SMD", "NET_11", "", "R", 82.76, 70.944, 0, 0, 180],
		[29, "U1_10", 100, 675, "T", "SMD", "$1N724", "", "R", 82.76, 70.944, 0, 0, 180],
		[30, "U1_11", 100, 575, "T", "SMD", "NET_12", "", "R", 82.76, 70.944, 0, 0, 180],
		[31, "U1_12", 100, 475, "T", "SMD", "$1N355", "", "R", 82.76, 70.944, 0, 0, 180],
		[32, "U1_13", 100, 375, "T", "SMD", "$1N438", "", "R", 82.76, 70.944, 0, 0, 180],
		[33, "U1_14", 100, 275, "T", "SMD", "VCC", "", "R", 82.76, 70.94, 0, 0, 180],
		[34, "U1_15", 100, 175, "T", "SMD", "GND", "GND", "R", 82.76, 70.94, 0, 0, 180],
		[35, "U1_16", 100, 75, "T", "SMD", "NET_13", "", "R", 82.76, 70.94, 0, 0, 180],
		[36, "PAD1_12", 105, 83.819, "B", "SMD", "GND", "GND", "R", 118.11, 62.992, 0, 0, 270],
		[37, "PAD2_9", 405, 83.819, "B", "SMD", "$1N355", "", "R", 118.11, 62.992, 0, 0, 270],
		[38, "PAD3_8", 505, 83.819, "B", "SMD", "VCC", "", "R", 118.11, 62.992, 0, 0, 270],
		[39, "PAD4_7", 605, 83.819, "B", "SMD", "GND", "GND", "R", 118.11, 62.992, 0, 0, 270],
		[40, "PAD5_6", 705, 83.819, "B", "SMD", "$1N438", "", "R", 118.11, 62.992, 0, 0, 270],
		[41, "PAD6_5", 805, 83.819, "B", "SMD", "$1N432", "", "R", 118.11, 62.992, 0, 0, 270],
		[42, "PAD7_4", 905, 83.819, "B", "SMD", "$1N426", "", "R", 118.11, 62.992, 0, 0, 270],
		[43, "PAD8_3", 905, 1186.179, "B", "SMD", "GND", "GND", "R", 118.11, 62.992, 0, 0, 270],
		[44, "PAD9_1", 704.61, 1186.179, "B", "SMD", "GND", "GND", "R", 118.11, 62.992, 0, 0, 270],
		[45, "PAD10_2", 730, 175, "T", "SMD", "$1N426", "", "R", 82.76, 70.94, 0, 0, 180],
		[46, "PAD11_3", 730, 275, "T", "SMD", "$1N432", "", "R", 82.76, 70.94, 0, 0, 180],
		[47, "PAD12_10", 100, 675, "T", "SMD", "$1N724", "", "R", 82.76, 70.944, 0, 0, 180],
		[48, "PAD13_12", 100, 475, "T", "SMD", "$1N355", "", "R", 82.76, 70.944, 0, 0, 180],
		[49, "PAD14_13", 100, 375, "T", "SMD", "$1N438", "", "R", 82.76, 70.944, 0, 0, 180],
		[50, "PAD15_14", 100, 275, "T", "SMD", "VCC", "", "R", 82.76, 70.94, 0, 0, 180],
		[51, "PAD16_15", 100, 175, "T", "SMD", "GND", "GND", "R", 82.76, 70.94, 0, 0, 180],
		[52, "PAD17_4", 233.27, 1141.38, "T", "SMD", "GND", "GND", "R", 47.244, 27.559, 0, 0, 0],
		[53, "PAD18_4", 233.27, 1231.93, "T", "SMD", "GND", "GND", "R", 47.244, 27.559, 0, 0, 0],
		[54, "PAD19_4", 516.73, 1231.93, "T", "SMD", "GND", "GND", "R", 47.244, 27.559, 0, 0, 0],
		[55, "PAD20_4", 516.73, 1141.38, "T", "SMD", "GND", "GND", "R", 47.244, 27.559, 0, 0, 0],
		[56, "PAD21_2", 345.47, 1098.07, "T", "SMD", "$1N724", "", "R", 60, 23.622, 0, 0, 270],
		[57, "PAD22_1", 463.58, 1098.07, "T", "SMD", "GND", "GND", "R", 60, 23.622, 0, 0, 270]
	]
}
}